1,John Doe,Cardiologist,+91 9876543210,09:00:00,17:00:00,1
2,Alice Smith,Orthopedic,+91 9876543210,10:00:00,18:00:00,2
3,David Johnson,Dermatologist,+91 9876543210,08:30:00,16:30:00,3
4,Sarah Wilson,Neurologist,+91 9876543210,09:30:00,17:30:00,4
5,Michael Brown,Pediatrician,+91 9876543210,11:00:00,19:00:00,5
6,Linda Davis,Ophthalmologist,+91 9876543210,10:30:00,18:30:00,6
7,Robert Lee,ENT Specialist,+91 9876543210,08:00:00,16:00:00,7
8,Emily Moore,General Practitioner,+91 9876543210,09:00:00,17:00:00,8
9,James Clark,Orthopedic Surgeon,+91 9876543210,10:00:00,18:00:00,9
10,Jennifer Taylor,Gynecologist,+91 9876543210,08:30:00,16:30:00,10
11,William Hall,Cardiologist,+91 9876543210,09:00:00,17:00:00,11
12,Mary Jackson,Orthopedic Surgeon,+91 9876543210,10:00:00,18:00:00,12
13,Charles White,charleswhite,+91 9876543210,08:30:00,16:30:00,13
14,Patricia Harris,Dermatologist,+91 9876543210,09:30:00,17:30:00,14
15,Thomas Young,Neurologist,+91 9876543210,11:00:00,19:00:00,15
16,Nancy Lewis,Pediatrician,+91 9876543210,10:30:00,18:30:00,16
17,George Martinez,Ophthalmologist,+91 9876543210,08:00:00,16:00:00,17
18,Karen Rodriguez,ENT Specialistkarenrodriguez,+91 9876543210,09:00:00,17:00:00,18
19,Edward Walker,General Practitioner,+91 9876543210,10:00:00,18:00:00,19
20,Susan Scott,Gynecologist,+91 9876543210,08:30:00,16:30:00,20