1,John Smith,M,+91 9876543210
2,Lisa Johnson,F,+91 9876543211
3,Robert Davis,M,+91 9876543212
4,Emily Brown,F,+91 9876543213
5,Michael Wilson,M,+91 9876543214
6,Susan Jones,F,+91 9876543215
7,David Miller,M,+91 9876543216
8,Karen Taylor,F,+91 9876543217
9,William Clark,M,+91 9876543218
10,Jennifer White,F,+91 9876543219
11,James Anderson,M,+91 9876543220
12,Sarah Thomas,F,+91 9876543221
13,Richard Jackson,M,+91 9876543222
14,Linda Harris,F,+91 9876543223
15,Christopher Martin,M,+91 9876543224
16,Amanda Hall,F,+91 9876543225
17,Matthew Garcia,M,+91 9876543226
18,Patricia Martinez,F,+91 9876543227
19,Joseph Scott,M,+91 9876543228
20,Kimberly Nelson,F,+91 9876543229