1,John Doe,johndoe,password123,Doctor
2,Alice Smith,alicesmith,securepass,Doctor
3,David Johnson,davidjohnson,p@ssw0rd,Doctor
4,Sarah Wilson,sarahwilson,mypassword,Doctor
5,Michael Brown,michaelbrown,adminpass,Doctor
6,Linda Davis,lindadavis,secret123,Doctor
7,Robert Lee,robertlee,pass123,Doctor
8,Emily Moore,emilymoore,pwd456,Doctor
9,James Clark,jamesclark,admin123,Doctor
10,Jennifer Taylor,jennifertaylor,doctorpass,Doctor
11,William Hall,williamhall,securepwd,Doctor
12,Mary Jackson,maryjackson,p@ssword,Doctor
13,Charles White,charleswhite,adminpwd,Doctor
14,Patricia Harris,patriciaharris,mysecurepass,Doctor
15,Thomas Young,thomasyoung,password789,Doctor
16,Nancy Lewis,nancylewis,doctor123,Doctor
17,George Martinez,georgemartinez,p@ssw0rd,Doctor
18,Karen Rodriguez,karenrodriguez,secure123,Doctor
19,Edward Walker,edwardwalker,mypassword456,Doctor
20,Susan Scott,susanscott,adminpassword,Doctor
21,Richard Turner,richardturner,admin789,Receptionist
22,Susan Miller,susanmiller,secret456,Receptionist
23,Michael Wilson,michaelwilson,secure1234,Receptionist
24,Linda Harris,lindaharris,p@ssw0rd1,Receptionist
25,John Davis,johndavis,doctor456,Receptionist
26,Elizabeth Jackson,elizabethjackson,adminpass1,Receptionist
27,David Brown,davidbrown,pass1234,Receptionist
28,Susan Thompson,susanthompson,admin1234,Receptionist
29,Michael White,michaelwhite,secure567,Receptionist
30,Linda Martinez,lindamartinez,doctor789,Receptionist
31,George Johnson,georgejohnson,p@ssword2,Receptionist
32,Karen Moore,karenmoore,secret12345,Receptionist
33,John Wilson,johnwilson,doctorpass1,Receptionist
34,Patricia Smith,patriciasmith,adminpassword1,Receptionist
35,William Taylor,williamtaylor,securepass1,Receptionist
36,Mary Turner,maryturner,adminpwd1,Receptionist
37,Robert Harris,robertharris,password1234,Receptionist
38,Emily Davis,emilydavis,securepwd1,Receptionist
39,Charles Brown,charlesbrown,adminpwd1,Receptionist
40,Linda Anderson,lindaanderson,mysecurepass1,Receptionist
41,Michael Davis,michaeldavis,password7891,Nurse
42,Susan Wilson,susanwilson,doctor1231,Nurse
43,John Clark,johnclark,p@ssw0rd3,Nurse
44,Karen Turner,karenturner,secure123456,Nurse
45,David Martinez,davidmartinez,admin12345,Nurse
46,Elizabeth White,elizabethwhite,doctor4561,Nurse
47,Michael Miller,michaelmiller,adminpass2,Nurse
48,Susan Jackson,susanjackson,secure12341,Nurse
49,Robert Harris,robertharris,pass12345,Nurse
50,Emily Lewis,emilylewis,adminpass2,Nurse
51,George Wilson,georgewilson,pwd4561,Nurse
52,Sarah Moore,sarahmoore,secret123456,Nurse
53,Charles Turner,charlesturner,admin123456,Nurse
54,Patricia Anderson,patriciaanderson,p@ssword4,Nurse
55,David Walker,davidwalker,doctor7891,Nurse
56,Emily Davis,emilydavis,adminpassword3,Nurse
57,Thomas Harris,thomasharris,secure5671,Nurse
58,Linda Turner,lindaturner,doctorpass2,Nurse
59,John Wilson,johnwilson,p@ssword5,Nurse
60,Elizabeth Turner,elizabethturner,adminpwd3,Nurse
